{"stats":{"minecraft:picked_up":{"minecraft:cobblestone":8},"minecraft:mined":{"minecraft:fire":1,"minecraft:stone":19},"minecraft:used":{"minecraft:stripped_crimson_stem":41,"minecraft:netherite_pickaxe":19,"minecraft:stone":153,"minecraft:flint_and_steel":2,"minecraft:tnt":25,"minecraft:structure_block":5},"minecraft:custom":{"minecraft:jump":816,"minecraft:time_since_rest":75317,"minecraft:crouch_one_cm":2812,"minecraft:play_one_minute":75317,"minecraft:leave_game":15,"minecraft:sprint_one_cm":298310,"minecraft:time_since_death":75317,"minecraft:walk_one_cm":243842,"minecraft:sneak_time":965,"minecraft:fall_one_cm":11913,"minecraft:fly_one_cm":320465}},"DataVersion":2586}